Name	Protein identifier	Contig id	Start	Stop	Strand	Gene symbol	Sequence name	Scope	Element type	Element subtype	Class	Subclass	Method	Target length	Reference sequence length	% Coverage of reference sequence	% Identity to reference sequence	Alignment length	Accession of closest sequence	Name of closest sequence	HMM id	HMM description
24ARS-MAR0074	NA	24ARS-MAR0074_00212	1	1377	+	norM	sodium-coupled multidrug efflux MATE transporter NorM	plus	AMR	AMR	EFFLUX	EFFLUX	EXACTX	459	459	100.00	100.00	459	EFF39147.1	sodium-coupled multidrug efflux MATE transporter NorM	NA	NA
24ARS-MAR0074	NA	24ARS-MAR0074_00451	1	1566	+	mtrF	AbgT family antimetabolite efflux transporter MtrF	plus	STRESS	BIOCIDE	EFFLUX	EFFLUX	BLASTX	522	533	97.94	98.47	522	ACF30256.1	AbgT family antimetabolite efflux transporter MtrF	NA	NA
24ARS-MAR0074	NA	24ARS-MAR0074_00453	1	630	+	mtrR	multidrug efflux system transcriptional repressor MtrR	plus	AMR	AMR	EFFLUX	EFFLUX	EXACTX	210	210	100.00	100.00	210	ACF30254.1	multidrug efflux system transcriptional repressor MtrR	NA	NA
24ARS-MAR0074	NA	24ARS-MAR0074_00454	1	1236	+	mtrC	multidrug efflux RND transporter periplasmic adaptor subunit MtrC	plus	AMR	AMR	EFFLUX	EFFLUX	BLASTX	412	412	100.00	99.76	412	AAA80193.1	multidrug efflux RND transporter periplasmic adaptor subunit MtrC	NA	NA
24ARS-MAR0074	NA	24ARS-MAR0074_00733	1	1521	+	farB	fatty acid resistance MFS efflux transporter permease subunit FarB	plus	AMR	AMR	EFFLUX	EFFLUX	BLASTX	507	507	100.00	99.80	507	AAD54074.1	fatty acid resistance MFS efflux transporter permease subunit FarB	NA	NA
24ARS-MAR0074	NA	24ARS-MAR0074_01405	1	903	+	mtrA	efflux transporter MtrCDE transcriptional activator MtrA	plus	AMR	AMR	EFFLUX	EFFLUX	EXACTX	301	301	100.00	100.00	301	AAD44693.1	efflux transporter MtrCDE transcriptional activator MtrA	NA	NA
24ARS-MAR0074	NA	24ARS-MAR0074_01972	1	858	+	blaTEM-1	broad-spectrum class A beta-lactamase TEM-1	core	AMR	AMR	BETA-LACTAM	BETA-LACTAM	ALLELEX	286	286	100.00	100.00	286	WP_000027057.1	broad-spectrum class A beta-lactamase TEM-1	NA	NA
24ARS-SLH0063	NA	24ARS-SLH0063_00626	1	3627	+	iroC	salmochelin/enterobactin export ABC transporter IroC	plus	VIRULENCE	VIRULENCE	NA	NA	BLASTX	1209	1219	98.85	79.85	1211	AUH19662.1	salmochelin/enterobactin export ABC transporter IroC	NA	NA
24ARS-SLH0063	NA	24ARS-SLH0063_00627	1	1113	+	iroB	salmochelin biosynthesis C-glycosyltransferase IroB	plus	VIRULENCE	VIRULENCE	NA	NA	BLASTX	371	371	100.00	86.52	371	EOW04219.1	salmochelin biosynthesis C-glycosyltransferase IroB	NA	NA
24ARS-SLH0063	NA	24ARS-SLH0063_01762	1	531	+	sodC1	superoxide dismutase [Cu-Zn] SodC1	plus	VIRULENCE	VIRULENCE	NA	NA	EXACTX	177	177	100.00	100.00	177	AAL19978.1	superoxide dismutase [Cu-Zn] SodC1	NA	NA
24ARS-SLH0063	NA	24ARS-SLH0063_02347	1	462	+	golS	Au(I) sensor transcriptional regulator GolS	plus	STRESS	METAL	GOLD	GOLD	EXACTX	154	154	100.00	100.00	154	AAL19308.1	Au(I) sensor transcriptional regulator GolS	NA	NA
24ARS-SLH0063	NA	24ARS-SLH0063_02348	1	2286	+	golT	gold/copper-translocating P-type ATPase GolT	plus	STRESS	METAL	COPPER/GOLD	COPPER/GOLD	BLASTX	762	762	100.00	99.61	762	AAL19307.1	gold/copper-translocating P-type ATPase GolT	NA	NA
24ARS-SLH0063	NA	24ARS-SLH0063_02349	1	1224	+	mdsA	multidrug efflux RND transporter periplasmic adaptor subunit MdsA	plus	AMR	AMR	EFFLUX	EFFLUX	BLASTX	408	408	100.00	98.28	408	AAL19306.1	multidrug efflux RND transporter periplasmic adaptor subunit MdsA	NA	NA
24ARS-SLH0063	NA	24ARS-SLH0063_02351	1	2607	+	mdsB	multidrug efflux RND transporter permease subunit MdsB	plus	AMR	AMR	EFFLUX	EFFLUX	PARTIAL_CONTIG_ENDX	869	1055	82.37	99.77	869	AAL19305.1	multidrug efflux RND transporter permease subunit MdsB	NA	NA
24ARS-SLH0063	NA	24ARS-SLH0063_03132	1	888	+	fieF	CDF family cation-efflux transporter FieF	plus	STRESS	METAL	NA	NA	BLASTX	296	300	98.67	92.57	296	BAE77395.1	CDF family cation-efflux transporter FieF	NA	NA
24ARS-SLH0063	NA	24ARS-SLH0063_03871	1	1878	+	sinH	intimin-like inverse autotransporter SinH	plus	VIRULENCE	VIRULENCE	NA	NA	PARTIAL_CONTIG_ENDX	626	730	85.75	100.00	626	AAL21411.1	intimin-like inverse autotransporter SinH	NA	NA
24ARS-JLM0082	NA	24ARS-JLM0082_00572	1	531	+	sodC1	superoxide dismutase [Cu-Zn] SodC1	plus	VIRULENCE	VIRULENCE	NA	NA	EXACTX	177	177	100.00	100.00	177	AAL19978.1	superoxide dismutase [Cu-Zn] SodC1	NA	NA
24ARS-JLM0082	NA	24ARS-JLM0082_02703	1	462	+	golS	Au(I) sensor transcriptional regulator GolS	plus	STRESS	METAL	GOLD	GOLD	EXACTX	154	154	100.00	100.00	154	AAL19308.1	Au(I) sensor transcriptional regulator GolS	NA	NA
24ARS-JLM0082	NA	24ARS-JLM0082_02704	1	2286	+	golT	gold/copper-translocating P-type ATPase GolT	plus	STRESS	METAL	COPPER/GOLD	COPPER/GOLD	BLASTX	762	762	100.00	99.61	762	AAL19307.1	gold/copper-translocating P-type ATPase GolT	NA	NA
24ARS-JLM0082	NA	24ARS-JLM0082_02705	1	1224	+	mdsA	multidrug efflux RND transporter periplasmic adaptor subunit MdsA	plus	AMR	AMR	EFFLUX	EFFLUX	BLASTX	408	408	100.00	98.28	408	AAL19306.1	multidrug efflux RND transporter periplasmic adaptor subunit MdsA	NA	NA
24ARS-JLM0082	NA	24ARS-JLM0082_02706	1	3165	+	mdsB	multidrug efflux RND transporter permease subunit MdsB	plus	AMR	AMR	EFFLUX	EFFLUX	BLASTX	1055	1055	100.00	99.81	1055	AAL19305.1	multidrug efflux RND transporter permease subunit MdsB	NA	NA
24ARS-JLM0082	NA	24ARS-JLM0082_03334	1	888	+	fieF	CDF family cation-efflux transporter FieF	plus	STRESS	METAL	NA	NA	BLASTX	296	300	98.67	92.57	296	BAE77395.1	CDF family cation-efflux transporter FieF	NA	NA
24ARS-JLM0082	NA	24ARS-JLM0082_03722	1	1878	+	sinH	intimin-like inverse autotransporter SinH	plus	VIRULENCE	VIRULENCE	NA	NA	PARTIAL_CONTIG_ENDX	626	730	85.75	100.00	626	AAL21411.1	intimin-like inverse autotransporter SinH	NA	NA
24ARS-JLM0082	NA	24ARS-JLM0082_03861	1	1113	+	iroB	salmochelin biosynthesis C-glycosyltransferase IroB	plus	VIRULENCE	VIRULENCE	NA	NA	BLASTX	371	371	100.00	86.52	371	EOW04219.1	salmochelin biosynthesis C-glycosyltransferase IroB	NA	NA
24ARS-JLM0082	NA	24ARS-JLM0082_03862	1	3627	+	iroC	salmochelin/enterobactin export ABC transporter IroC	plus	VIRULENCE	VIRULENCE	NA	NA	BLASTX	1209	1219	98.85	79.85	1211	AUH19662.1	salmochelin/enterobactin export ABC transporter IroC	NA	NA
24ARS-SLH0036	NA	24ARS-SLH0036_00032	1	1377	+	norM	sodium-coupled multidrug efflux MATE transporter NorM	plus	AMR	AMR	EFFLUX	EFFLUX	BLASTX	459	459	100.00	99.78	459	EFF39147.1	sodium-coupled multidrug efflux MATE transporter NorM	NA	NA
24ARS-SLH0036	NA	24ARS-SLH0036_00534	1	1236	+	mtrC	multidrug efflux RND transporter periplasmic adaptor subunit MtrC	plus	AMR	AMR	EFFLUX	EFFLUX	BLASTX	412	412	100.00	99.76	412	AAA80193.1	multidrug efflux RND transporter periplasmic adaptor subunit MtrC	NA	NA
24ARS-SLH0036	NA	24ARS-SLH0036_00535	1	630	+	mtrR	multidrug efflux system transcriptional repressor MtrR	plus	AMR	AMR	EFFLUX	EFFLUX	BLASTX	210	210	100.00	99.52	210	ACF30254.1	multidrug efflux system transcriptional repressor MtrR	NA	NA
24ARS-SLH0036	NA	24ARS-SLH0036_00537	1	1566	+	mtrF	AbgT family antimetabolite efflux transporter MtrF	plus	STRESS	BIOCIDE	EFFLUX	EFFLUX	BLASTX	522	533	97.94	99.62	522	ACF30256.1	AbgT family antimetabolite efflux transporter MtrF	NA	NA
24ARS-SLH0036	NA	24ARS-SLH0036_00849	1	1518	+	farB	fatty acid resistance MFS efflux transporter permease subunit FarB	plus	AMR	AMR	EFFLUX	EFFLUX	BLASTX	506	507	100.00	99.61	507	AAD54074.1	fatty acid resistance MFS efflux transporter permease subunit FarB	NA	NA
24ARS-SLH0036	NA	24ARS-SLH0036_00915	1	1917	+	tet(M)	tetracycline resistance ribosomal protection protein Tet(M)	core	AMR	AMR	TETRACYCLINE	TETRACYCLINE	BLASTX	639	639	100.00	98.90	639	WP_063856403.1	tetracycline resistance ribosomal protection protein Tet(M)	NA	NA
24ARS-SLH0036	NA	24ARS-SLH0036_01947	1	903	+	mtrA	efflux transporter MtrCDE transcriptional activator MtrA	plus	AMR	AMR	EFFLUX	EFFLUX	EXACTX	301	301	100.00	100.00	301	AAD44693.1	efflux transporter MtrCDE transcriptional activator MtrA	NA	NA
24ARS-SLH0036	NA	24ARS-SLH0036_02027	1	858	+	blaTEM-1	broad-spectrum class A beta-lactamase TEM-1	core	AMR	AMR	BETA-LACTAM	BETA-LACTAM	ALLELEX	286	286	100.00	100.00	286	WP_000027057.1	broad-spectrum class A beta-lactamase TEM-1	NA	NA
24ARS-STU0034	NA	24ARS-STU0034_00573	1	531	+	sodC1	superoxide dismutase [Cu-Zn] SodC1	plus	VIRULENCE	VIRULENCE	NA	NA	EXACTX	177	177	100.00	100.00	177	AAL19978.1	superoxide dismutase [Cu-Zn] SodC1	NA	NA
24ARS-STU0034	NA	24ARS-STU0034_01416	1	3627	+	iroC	salmochelin/enterobactin export ABC transporter IroC	plus	VIRULENCE	VIRULENCE	NA	NA	BLASTX	1209	1219	98.85	79.85	1211	AUH19662.1	salmochelin/enterobactin export ABC transporter IroC	NA	NA
24ARS-STU0034	NA	24ARS-STU0034_01417	1	1113	+	iroB	salmochelin biosynthesis C-glycosyltransferase IroB	plus	VIRULENCE	VIRULENCE	NA	NA	BLASTX	371	371	100.00	86.52	371	EOW04219.1	salmochelin biosynthesis C-glycosyltransferase IroB	NA	NA
24ARS-STU0034	NA	24ARS-STU0034_02873	1	462	+	golS	Au(I) sensor transcriptional regulator GolS	plus	STRESS	METAL	GOLD	GOLD	EXACTX	154	154	100.00	100.00	154	AAL19308.1	Au(I) sensor transcriptional regulator GolS	NA	NA
24ARS-STU0034	NA	24ARS-STU0034_02874	1	2286	+	golT	gold/copper-translocating P-type ATPase GolT	plus	STRESS	METAL	COPPER/GOLD	COPPER/GOLD	BLASTX	762	762	100.00	99.61	762	AAL19307.1	gold/copper-translocating P-type ATPase GolT	NA	NA
24ARS-STU0034	NA	24ARS-STU0034_02875	1	1224	+	mdsA	multidrug efflux RND transporter periplasmic adaptor subunit MdsA	plus	AMR	AMR	EFFLUX	EFFLUX	BLASTX	408	408	100.00	98.28	408	AAL19306.1	multidrug efflux RND transporter periplasmic adaptor subunit MdsA	NA	NA
24ARS-STU0034	NA	24ARS-STU0034_02877	1	2607	+	mdsB	multidrug efflux RND transporter permease subunit MdsB	plus	AMR	AMR	EFFLUX	EFFLUX	PARTIAL_CONTIG_ENDX	869	1055	82.37	99.77	869	AAL19305.1	multidrug efflux RND transporter permease subunit MdsB	NA	NA
24ARS-STU0034	NA	24ARS-STU0034_03349	1	888	+	fieF	CDF family cation-efflux transporter FieF	plus	STRESS	METAL	NA	NA	BLASTX	296	300	98.67	92.57	296	BAE77395.1	CDF family cation-efflux transporter FieF	NA	NA
24ARS-STU0034	NA	24ARS-STU0034_03855	1	1878	+	sinH	intimin-like inverse autotransporter SinH	plus	VIRULENCE	VIRULENCE	NA	NA	PARTIAL_CONTIG_ENDX	626	730	85.75	100.00	626	AAL21411.1	intimin-like inverse autotransporter SinH	NA	NA
24ARS-STU0034	NA	24ARS-STU0034_04310	1	858	+	blaTEM-1	broad-spectrum class A beta-lactamase TEM-1	core	AMR	AMR	BETA-LACTAM	BETA-LACTAM	ALLELEX	286	286	100.00	100.00	286	WP_000027057.1	broad-spectrum class A beta-lactamase TEM-1	NA	NA
24ARS-STU0034	NA	24ARS-STU0034_04545	1	654	+	qnrS1	quinolone resistance pentapeptide repeat protein QnrS1	core	AMR	AMR	QUINOLONE	QUINOLONE	ALLELEX	218	218	100.00	100.00	218	WP_001516695.1	quinolone resistance pentapeptide repeat protein QnrS1	NA	NA
24ARS-STU0034	NA	24ARS-STU0034_04551	61	474	+	fosA4	fosfomycin resistance glutathione transferase FosA4	core	AMR	AMR	FOSFOMYCIN	FOSFOMYCIN	ALLELEX	138	138	100.00	100.00	138	WP_034169466.1	fosfomycin resistance glutathione transferase FosA4	NA	NA
24ARS-SLH0035	NA	24ARS-SLH0035_00573	1	531	+	sodC1	superoxide dismutase [Cu-Zn] SodC1	plus	VIRULENCE	VIRULENCE	NA	NA	EXACTX	177	177	100.00	100.00	177	AAL19978.1	superoxide dismutase [Cu-Zn] SodC1	NA	NA
24ARS-SLH0035	NA	24ARS-SLH0035_03292	1	462	+	golS	Au(I) sensor transcriptional regulator GolS	plus	STRESS	METAL	GOLD	GOLD	EXACTX	154	154	100.00	100.00	154	AAL19308.1	Au(I) sensor transcriptional regulator GolS	NA	NA
24ARS-SLH0035	NA	24ARS-SLH0035_03293	1	2286	+	golT	gold/copper-translocating P-type ATPase GolT	plus	STRESS	METAL	COPPER/GOLD	COPPER/GOLD	BLASTX	762	762	100.00	99.61	762	AAL19307.1	gold/copper-translocating P-type ATPase GolT	NA	NA
24ARS-SLH0035	NA	24ARS-SLH0035_03294	1	1224	+	mdsA	multidrug efflux RND transporter periplasmic adaptor subunit MdsA	plus	AMR	AMR	EFFLUX	EFFLUX	BLASTX	408	408	100.00	98.28	408	AAL19306.1	multidrug efflux RND transporter periplasmic adaptor subunit MdsA	NA	NA
24ARS-SLH0035	NA	24ARS-SLH0035_03296	1	2607	+	mdsB	multidrug efflux RND transporter permease subunit MdsB	plus	AMR	AMR	EFFLUX	EFFLUX	PARTIAL_CONTIG_ENDX	869	1055	82.37	99.77	869	AAL19305.1	multidrug efflux RND transporter permease subunit MdsB	NA	NA
24ARS-SLH0035	NA	24ARS-SLH0035_03644	1	888	+	fieF	CDF family cation-efflux transporter FieF	plus	STRESS	METAL	NA	NA	BLASTX	296	300	98.67	92.57	296	BAE77395.1	CDF family cation-efflux transporter FieF	NA	NA
24ARS-SLH0035	NA	24ARS-SLH0035_03874	1	1113	+	iroB	salmochelin biosynthesis C-glycosyltransferase IroB	plus	VIRULENCE	VIRULENCE	NA	NA	BLASTX	371	371	100.00	86.52	371	EOW04219.1	salmochelin biosynthesis C-glycosyltransferase IroB	NA	NA
24ARS-SLH0035	NA	24ARS-SLH0035_03875	1	3627	+	iroC	salmochelin/enterobactin export ABC transporter IroC	plus	VIRULENCE	VIRULENCE	NA	NA	BLASTX	1209	1219	98.85	79.85	1211	AUH19662.1	salmochelin/enterobactin export ABC transporter IroC	NA	NA
24ARS-SLH0035	NA	24ARS-SLH0035_04032	1	1878	+	sinH	intimin-like inverse autotransporter SinH	plus	VIRULENCE	VIRULENCE	NA	NA	PARTIAL_CONTIG_ENDX	626	730	85.75	100.00	626	AAL21411.1	intimin-like inverse autotransporter SinH	NA	NA
24ARS-MAR0001	NA	24ARS-MAR0001_00794	1	903	+	mtrA	efflux transporter MtrCDE transcriptional activator MtrA	plus	AMR	AMR	EFFLUX	EFFLUX	EXACTX	301	301	100.00	100.00	301	AAD44693.1	efflux transporter MtrCDE transcriptional activator MtrA	NA	NA
24ARS-MAR0001	NA	24ARS-MAR0001_00862	1	1566	+	mtrF	AbgT family antimetabolite efflux transporter MtrF	plus	STRESS	BIOCIDE	EFFLUX	EFFLUX	BLASTX	522	533	97.94	98.85	522	ACF30256.1	AbgT family antimetabolite efflux transporter MtrF	NA	NA
24ARS-MAR0001	NA	24ARS-MAR0001_00864	1	630	+	mtrR	multidrug efflux system transcriptional repressor MtrR	plus	AMR	AMR	EFFLUX	EFFLUX	BLASTX	210	210	100.00	99.52	210	CAA81047.1	multidrug efflux system transcriptional repressor MtrR	NA	NA
24ARS-MAR0001	NA	24ARS-MAR0001_00865	1	1236	+	mtrC	multidrug efflux RND transporter periplasmic adaptor subunit MtrC	plus	AMR	AMR	EFFLUX	EFFLUX	BLASTX	412	412	100.00	99.76	412	AAA80193.1	multidrug efflux RND transporter periplasmic adaptor subunit MtrC	NA	NA
24ARS-MAR0001	NA	24ARS-MAR0001_00948	1	1917	+	tet(M)	tetracycline resistance ribosomal protection protein Tet(M)	core	AMR	AMR	TETRACYCLINE	TETRACYCLINE	BLASTX	639	639	100.00	99.22	639	WP_050232631.1	tetracycline resistance ribosomal protection protein Tet(M)	NA	NA
24ARS-MAR0001	NA	24ARS-MAR0001_01016	1	1521	+	farB	fatty acid resistance MFS efflux transporter permease subunit FarB	plus	AMR	AMR	EFFLUX	EFFLUX	BLASTX	507	507	100.00	99.41	507	AAD54074.1	fatty acid resistance MFS efflux transporter permease subunit FarB	NA	NA
24ARS-MAR0001	NA	24ARS-MAR0001_01179	1	1377	+	norM	sodium-coupled multidrug efflux MATE transporter NorM	plus	AMR	AMR	EFFLUX	EFFLUX	BLASTX	459	459	100.00	99.78	459	EFF39147.1	sodium-coupled multidrug efflux MATE transporter NorM	NA	NA
24ARS-MAR0001	NA	24ARS-MAR0001_01976	1	858	+	blaTEM-1	broad-spectrum class A beta-lactamase TEM-1	core	AMR	AMR	BETA-LACTAM	BETA-LACTAM	ALLELEX	286	286	100.00	100.00	286	WP_000027057.1	broad-spectrum class A beta-lactamase TEM-1	NA	NA
24ARS-SLH0029	NA	24ARS-SLH0029_00046	1	1113	+	iroB	salmochelin biosynthesis C-glycosyltransferase IroB	plus	VIRULENCE	VIRULENCE	NA	NA	BLASTX	371	371	100.00	86.25	371	EOW04219.1	salmochelin biosynthesis C-glycosyltransferase IroB	NA	NA
24ARS-SLH0029	NA	24ARS-SLH0029_00047	1	3627	+	iroC	salmochelin/enterobactin export ABC transporter IroC	plus	VIRULENCE	VIRULENCE	NA	NA	BLASTX	1209	1219	98.85	80.10	1211	AUH19662.1	salmochelin/enterobactin export ABC transporter IroC	NA	NA
24ARS-SLH0029	NA	24ARS-SLH0029_00324	7	345	+	arsR	As(III)-sensing metalloregulatory transcriptional repressor ArsR	plus	STRESS	METAL	ARSENIC	ARSENIC	BLASTX	113	117	96.58	94.69	113	AAB09624.1	As(III)-sensing metalloregulatory transcriptional repressor ArsR	NA	NA
24ARS-SLH0029	NA	24ARS-SLH0029_01923	1	2190	+	sinH	intimin-like inverse autotransporter SinH	plus	VIRULENCE	VIRULENCE	NA	NA	BLASTX	730	730	100.00	99.59	730	AAL21411.1	intimin-like inverse autotransporter SinH	NA	NA
24ARS-SLH0029	NA	24ARS-SLH0029_02665	1	462	+	golS	Au(I) sensor transcriptional regulator GolS	plus	STRESS	METAL	GOLD	GOLD	EXACTX	154	154	100.00	100.00	154	AAL19308.1	Au(I) sensor transcriptional regulator GolS	NA	NA
24ARS-SLH0029	NA	24ARS-SLH0029_02666	1	2286	+	golT	gold/copper-translocating P-type ATPase GolT	plus	STRESS	METAL	COPPER/GOLD	COPPER/GOLD	BLASTX	762	762	100.00	99.61	762	AAL19307.1	gold/copper-translocating P-type ATPase GolT	NA	NA
24ARS-SLH0029	NA	24ARS-SLH0029_02667	1	1224	+	mdsA	multidrug efflux RND transporter periplasmic adaptor subunit MdsA	plus	AMR	AMR	EFFLUX	EFFLUX	BLASTX	408	408	100.00	98.28	408	AAL19306.1	multidrug efflux RND transporter periplasmic adaptor subunit MdsA	NA	NA
24ARS-SLH0029	NA	24ARS-SLH0029_02668	1	3165	+	mdsB	multidrug efflux RND transporter permease subunit MdsB	plus	AMR	AMR	EFFLUX	EFFLUX	BLASTX	1055	1055	100.00	99.91	1055	AAL19305.1	multidrug efflux RND transporter permease subunit MdsB	NA	NA
24ARS-SLH0029	NA	24ARS-SLH0029_04180	1	888	+	fieF	CDF family cation-efflux transporter FieF	plus	STRESS	METAL	NA	NA	BLASTX	296	300	98.67	92.57	296	BAE77395.1	CDF family cation-efflux transporter FieF	NA	NA
24ARS-SLH0029	NA	24ARS-SLH0029_04277	1	1800	+	ybtP	yersiniabactin ABC transporter ATP-binding/permease protein YbtP	plus	VIRULENCE	VIRULENCE	NA	NA	BLASTX	600	600	100.00	98.17	600	CAA21388.1	yersiniabactin ABC transporter ATP-binding/permease protein YbtP	NA	NA
24ARS-SLH0029	NA	24ARS-SLH0029_04278	1	1800	+	ybtQ	yersiniabactin ABC transporter ATP-binding/permease protein YbtQ	plus	VIRULENCE	VIRULENCE	NA	NA	BLASTX	600	600	100.00	97.17	600	AAC69584.1	yersiniabactin ABC transporter ATP-binding/permease protein YbtQ	NA	NA
24ARS-SLH0029	NA	24ARS-SLH0029_04428	1	777	+	aadA1	ANT(3'')-Ia family aminoglycoside nucleotidyltransferase AadA1	core	AMR	AMR	AMINOGLYCOSIDE	STREPTOMYCIN	BLASTX	259	263	98.48	100.00	259	WP_001206316.1	ANT(3'')-Ia family aminoglycoside nucleotidyltransferase AadA1	NA	NA
24ARS-SLH0029	NA	24ARS-SLH0029_04429	1	345	+	qacEdelta1	quaternary ammonium compound efflux SMR transporter QacE delta 1	core	STRESS	BIOCIDE	QUATERNARY AMMONIUM	QUATERNARY AMMONIUM	ALLELEX	115	115	100.00	100.00	115	WP_000679427.1	quaternary ammonium compound efflux SMR transporter QacE delta 1	NA	NA
24ARS-SLH0029	NA	24ARS-SLH0029_04430	1	837	+	sul1	sulfonamide-resistant dihydropteroate synthase Sul1	core	AMR	AMR	SULFONAMIDE	SULFONAMIDE	EXACTX	279	279	100.00	100.00	279	WP_000259031.1	sulfonamide-resistant dihydropteroate synthase Sul1	NA	NA
24ARS-SLH0029	NA	24ARS-SLH0029_04440	1	420	+	merC	organomercurial transporter MerC	plus	STRESS	METAL	MERCURY	ORGANOMERCURY	EXACTX	140	140	100.00	100.00	140	AAC33908.1	organomercurial transporter MerC	NA	NA
24ARS-SLH0029	NA	24ARS-SLH0029_04441	1	273	+	merP	mercury resistance system periplasmic binding protein MerP	plus	STRESS	METAL	MERCURY	MERCURY	BLASTX	91	91	100.00	90.11	91	AAC38219.1	mercury resistance system periplasmic binding protein MerP	NA	NA
24ARS-SLH0029	NA	24ARS-SLH0029_04442	1	348	+	merT	mercuric transport protein MerT	plus	STRESS	METAL	MERCURY	MERCURY	EXACTX	116	116	100.00	100.00	116	AAB59075.1	mercuric transport protein MerT	NA	NA
24ARS-SLH0029	NA	24ARS-SLH0029_04443	1	432	+	merR	mercury resistance transcriptional regulator MerR	plus	STRESS	METAL	MERCURY	MERCURY	BLASTX	144	144	100.00	93.75	144	CAA77320.1	mercury resistance transcriptional regulator MerR	NA	NA
24ARS-SLH0029	NA	24ARS-SLH0029_04446	1	1197	+	tet(A)	tetracycline efflux MFS transporter Tet(A)	core	AMR	AMR	TETRACYCLINE	TETRACYCLINE	EXACTX	399	399	100.00	100.00	399	WP_000804064.1	tetracycline efflux MFS transporter Tet(A)	NA	NA
24ARS-SLH0029	NA	24ARS-SLH0029_04639	1	471	+	dfrA14	trimethoprim-resistant dihydrofolate reductase DfrA14	core	AMR	AMR	TRIMETHOPRIM	TRIMETHOPRIM	EXACTX	157	157	100.00	100.00	157	WP_021529707.1	trimethoprim-resistant dihydrofolate reductase DfrA14	NA	NA
24ARS-SLH0029	NA	24ARS-SLH0029_04654	1	1212	+	floR	chloramphenicol/florfenicol efflux MFS transporter FloR	core	AMR	AMR	PHENICOL	CHLORAMPHENICOL/FLORFENICOL	BLASTX	404	404	100.00	99.50	404	WP_000214119.1	chloramphenicol/florfenicol efflux MFS transporter FloR	NA	NA
24ARS-SLH0029	NA	24ARS-SLH0029_04666	1	774	+	aac(3)-IVa	aminoglycoside N-acetyltransferase AAC(3)-IVa	core	AMR	AMR	AMINOGLYCOSIDE	APRAMYCIN/GENTAMICIN/TOBRAMYCIN	EXACTX	258	258	100.00	100.00	258	WP_001199192.1	aminoglycoside N-acetyltransferase AAC(3)-IVa	NA	NA
24ARS-SLH0029	NA	24ARS-SLH0029_04668	1	1023	+	aph(4)-Ia	aminoglycoside O-phosphotransferase APH(4)-Ia	core	AMR	AMR	AMINOGLYCOSIDE	HYGROMYCIN	EXACTX	341	341	100.00	100.00	341	WP_000742814.1	aminoglycoside O-phosphotransferase APH(4)-Ia	NA	NA
24ARS-SLH0029	NA	24ARS-SLH0029_04715	1	873	+	blaCTX-M-65	extended-spectrum class A beta-lactamase CTX-M-65	core	AMR	AMR	BETA-LACTAM	CEPHALOSPORIN	ALLELEX	291	291	100.00	100.00	291	WP_013188475.1	extended-spectrum class A beta-lactamase CTX-M-65	NA	NA
24ARS-SLH0029	NA	24ARS-SLH0029_04723	1	813	+	aph(3')-Ia	aminoglycoside O-phosphotransferase APH(3')-Ia	core	AMR	AMR	AMINOGLYCOSIDE	KANAMYCIN	EXACTX	271	271	100.00	100.00	271	WP_000018326.1	aminoglycoside O-phosphotransferase APH(3')-Ia	NA	NA
24ARS-VSM0056	NA	24ARS-VSM0056_00573	1	531	+	sodC1	superoxide dismutase [Cu-Zn] SodC1	plus	VIRULENCE	VIRULENCE	NA	NA	EXACTX	177	177	100.00	100.00	177	AAL19978.1	superoxide dismutase [Cu-Zn] SodC1	NA	NA
24ARS-VSM0056	NA	24ARS-VSM0056_01638	1	3627	+	iroC	salmochelin/enterobactin export ABC transporter IroC	plus	VIRULENCE	VIRULENCE	NA	NA	BLASTX	1209	1219	98.85	79.85	1211	AUH19662.1	salmochelin/enterobactin export ABC transporter IroC	NA	NA
24ARS-VSM0056	NA	24ARS-VSM0056_01639	1	1113	+	iroB	salmochelin biosynthesis C-glycosyltransferase IroB	plus	VIRULENCE	VIRULENCE	NA	NA	BLASTX	371	371	100.00	86.52	371	EOW04219.1	salmochelin biosynthesis C-glycosyltransferase IroB	NA	NA
24ARS-VSM0056	NA	24ARS-VSM0056_02588	1	462	+	golS	Au(I) sensor transcriptional regulator GolS	plus	STRESS	METAL	GOLD	GOLD	EXACTX	154	154	100.00	100.00	154	AAL19308.1	Au(I) sensor transcriptional regulator GolS	NA	NA
24ARS-VSM0056	NA	24ARS-VSM0056_02589	1	2286	+	golT	gold/copper-translocating P-type ATPase GolT	plus	STRESS	METAL	COPPER/GOLD	COPPER/GOLD	BLASTX	762	762	100.00	99.61	762	AAL19307.1	gold/copper-translocating P-type ATPase GolT	NA	NA
24ARS-VSM0056	NA	24ARS-VSM0056_02590	1	1224	+	mdsA	multidrug efflux RND transporter periplasmic adaptor subunit MdsA	plus	AMR	AMR	EFFLUX	EFFLUX	BLASTX	408	408	100.00	98.28	408	AAL19306.1	multidrug efflux RND transporter periplasmic adaptor subunit MdsA	NA	NA
24ARS-VSM0056	NA	24ARS-VSM0056_02591	1	3165	+	mdsB	multidrug efflux RND transporter permease subunit MdsB	plus	AMR	AMR	EFFLUX	EFFLUX	BLASTX	1055	1055	100.00	99.81	1055	AAL19305.1	multidrug efflux RND transporter permease subunit MdsB	NA	NA
24ARS-VSM0056	NA	24ARS-VSM0056_03159	1	1878	+	sinH	intimin-like inverse autotransporter SinH	plus	VIRULENCE	VIRULENCE	NA	NA	PARTIAL_CONTIG_ENDX	626	730	85.75	100.00	626	AAL21411.1	intimin-like inverse autotransporter SinH	NA	NA
24ARS-VSM0056	NA	24ARS-VSM0056_04007	1	888	+	fieF	CDF family cation-efflux transporter FieF	plus	STRESS	METAL	NA	NA	BLASTX	296	300	98.67	92.57	296	BAE77395.1	CDF family cation-efflux transporter FieF	NA	NA
24ARS-VSM0056	NA	24ARS-VSM0056_04433	1	834	+	aph(6)-Id	aminoglycoside O-phosphotransferase APH(6)-Id	core	AMR	AMR	AMINOGLYCOSIDE	STREPTOMYCIN	EXACTX	278	278	100.00	100.00	278	WP_000480972.1	aminoglycoside O-phosphotransferase APH(6)-Id	NA	NA
24ARS-VSM0056	NA	24ARS-VSM0056_04434	1	801	+	aph(3'')-Ib	aminoglycoside O-phosphotransferase APH(3'')-Ib	core	AMR	AMR	AMINOGLYCOSIDE	STREPTOMYCIN	EXACTX	267	267	100.00	100.00	267	WP_001082319.1	aminoglycoside O-phosphotransferase APH(3'')-Ib	NA	NA
24ARS-VSM0056	NA	24ARS-VSM0056_04435	1	813	+	sul2	sulfonamide-resistant dihydropteroate synthase Sul2	core	AMR	AMR	SULFONAMIDE	SULFONAMIDE	EXACTX	271	271	100.00	100.00	271	WP_001043260.1	sulfonamide-resistant dihydropteroate synthase Sul2	NA	NA
24ARS-VSM0056	NA	24ARS-VSM0056_04511	1	858	+	blaTEM-1	broad-spectrum class A beta-lactamase TEM-1	core	AMR	AMR	BETA-LACTAM	BETA-LACTAM	ALLELEX	286	286	100.00	100.00	286	WP_000027057.1	broad-spectrum class A beta-lactamase TEM-1	NA	NA
24ARS-ZMC0010	NA	24ARS-ZMC0010_02475	1	1878	+	sinH	intimin-like inverse autotransporter SinH	plus	VIRULENCE	VIRULENCE	NA	NA	PARTIAL_CONTIG_ENDX	626	730	85.75	97.76	626	AAL21411.1	intimin-like inverse autotransporter SinH	NA	NA
24ARS-ZMC0010	NA	24ARS-ZMC0010_03088	1	882	+	fieF	CDF family cation-efflux transporter FieF	plus	STRESS	METAL	NA	NA	BLASTX	294	300	98.67	92.23	296	BAE77395.1	CDF family cation-efflux transporter FieF	NA	NA
24ARS-ZMC0010	NA	24ARS-ZMC0010_04087	1	1113	+	iroB	salmochelin biosynthesis C-glycosyltransferase IroB	plus	VIRULENCE	VIRULENCE	NA	NA	BLASTX	371	371	100.00	86.25	371	EOW04219.1	salmochelin biosynthesis C-glycosyltransferase IroB	NA	NA
24ARS-ZMC0010	NA	24ARS-ZMC0010_04088	1	3627	+	iroC	salmochelin/enterobactin export ABC transporter IroC	plus	VIRULENCE	VIRULENCE	NA	NA	BLASTX	1209	1219	98.85	80.08	1210	AUH19662.1	salmochelin/enterobactin export ABC transporter IroC	NA	NA
24ARS-ZMC0010	NA	24ARS-ZMC0010_04411	1	807	+	cdtB	cytolethal distending toxin S-CDT	plus	VIRULENCE	VIRULENCE	NA	NA	EXACTX	269	269	100.00	100.00	269	CAD02120.1	cytolethal distending toxin S-CDT	NA	NA
24ARS-VSM0001	NA	24ARS-VSM0001_00048	1	1377	+	norM	sodium-coupled multidrug efflux MATE transporter NorM	plus	AMR	AMR	EFFLUX	EFFLUX	BLASTX	459	459	100.00	99.78	459	EFF39147.1	sodium-coupled multidrug efflux MATE transporter NorM	NA	NA
24ARS-VSM0001	NA	24ARS-VSM0001_00713	1	840	+	mtrC	multidrug efflux RND transporter periplasmic adaptor subunit MtrC	plus	AMR	AMR	EFFLUX	EFFLUX	PARTIAL_CONTIG_ENDX	280	412	67.96	100.00	280	AAA80193.1	multidrug efflux RND transporter periplasmic adaptor subunit MtrC	NA	NA
24ARS-VSM0001	NA	24ARS-VSM0001_00715	1	630	+	mtrR	multidrug efflux system transcriptional repressor MtrR	plus	AMR	AMR	EFFLUX	EFFLUX	BLASTX	210	210	100.00	99.52	210	CAA81047.1	multidrug efflux system transcriptional repressor MtrR	NA	NA
24ARS-VSM0001	NA	24ARS-VSM0001_00717	1	1566	+	mtrF	AbgT family antimetabolite efflux transporter MtrF	plus	STRESS	BIOCIDE	EFFLUX	EFFLUX	BLASTX	522	533	97.94	98.85	522	ACF30256.1	AbgT family antimetabolite efflux transporter MtrF	NA	NA
24ARS-VSM0001	NA	24ARS-VSM0001_00739	1	903	+	mtrA	efflux transporter MtrCDE transcriptional activator MtrA	plus	AMR	AMR	EFFLUX	EFFLUX	EXACTX	301	301	100.00	100.00	301	AAD44693.1	efflux transporter MtrCDE transcriptional activator MtrA	NA	NA
24ARS-VSM0001	NA	24ARS-VSM0001_00833	1	1917	+	tet(M)	tetracycline resistance ribosomal protection protein Tet(M)	core	AMR	AMR	TETRACYCLINE	TETRACYCLINE	BLASTX	639	639	100.00	98.90	639	WP_063856403.1	tetracycline resistance ribosomal protection protein Tet(M)	NA	NA
24ARS-VSM0001	NA	24ARS-VSM0001_00905	1	1521	+	farB	fatty acid resistance MFS efflux transporter permease subunit FarB	plus	AMR	AMR	EFFLUX	EFFLUX	BLASTX	507	507	100.00	99.41	507	AAD54074.1	fatty acid resistance MFS efflux transporter permease subunit FarB	NA	NA
24ARS-VSM0001	NA	24ARS-VSM0001_02055	1	858	+	blaTEM-1	broad-spectrum class A beta-lactamase TEM-1	core	AMR	AMR	BETA-LACTAM	BETA-LACTAM	ALLELEX	286	286	100.00	100.00	286	WP_000027057.1	broad-spectrum class A beta-lactamase TEM-1	NA	NA
24ARS-MAR0073	NA	24ARS-MAR0073_00315	1	1377	+	norM	sodium-coupled multidrug efflux MATE transporter NorM	plus	AMR	AMR	EFFLUX	EFFLUX	EXACTX	459	459	100.00	100.00	459	EFF39147.1	sodium-coupled multidrug efflux MATE transporter NorM	NA	NA
24ARS-MAR0073	NA	24ARS-MAR0073_00501	1	840	+	mtrC	multidrug efflux RND transporter periplasmic adaptor subunit MtrC	plus	AMR	AMR	EFFLUX	EFFLUX	PARTIAL_CONTIG_ENDX	280	412	67.96	99.64	280	AAA80193.1	multidrug efflux RND transporter periplasmic adaptor subunit MtrC	NA	NA
24ARS-MAR0073	NA	24ARS-MAR0073_00503	1	462	+	mtrR	multidrug efflux system transcriptional repressor MtrR	plus	AMR	AMR	EFFLUX	EFFLUX	PARTIAL_CONTIG_ENDX	154	210	73.33	100.00	154	CAA81047.1	multidrug efflux system transcriptional repressor MtrR	NA	NA
24ARS-MAR0073	NA	24ARS-MAR0073_00505	1	1566	+	mtrF	AbgT family antimetabolite efflux transporter MtrF	plus	STRESS	BIOCIDE	EFFLUX	EFFLUX	BLASTX	522	533	97.94	98.47	522	ACF30256.1	AbgT family antimetabolite efflux transporter MtrF	NA	NA
24ARS-MAR0073	NA	24ARS-MAR0073_01057	1	1521	+	farB	fatty acid resistance MFS efflux transporter permease subunit FarB	plus	AMR	AMR	EFFLUX	EFFLUX	BLASTX	507	507	100.00	99.80	507	AAD54074.1	fatty acid resistance MFS efflux transporter permease subunit FarB	NA	NA
24ARS-MAR0073	NA	24ARS-MAR0073_01970	1	903	+	mtrA	efflux transporter MtrCDE transcriptional activator MtrA	plus	AMR	AMR	EFFLUX	EFFLUX	EXACTX	301	301	100.00	100.00	301	AAD44693.1	efflux transporter MtrCDE transcriptional activator MtrA	NA	NA
24ARS-MAR0073	NA	24ARS-MAR0073_02025	1	858	+	blaTEM-1	broad-spectrum class A beta-lactamase TEM-1	core	AMR	AMR	BETA-LACTAM	BETA-LACTAM	ALLELEX	286	286	100.00	100.00	286	WP_000027057.1	broad-spectrum class A beta-lactamase TEM-1	NA	NA
24ARS-MAR0067	NA	24ARS-MAR0067_00573	1	531	+	sodC1	superoxide dismutase [Cu-Zn] SodC1	plus	VIRULENCE	VIRULENCE	NA	NA	EXACTX	177	177	100.00	100.00	177	AAL19978.1	superoxide dismutase [Cu-Zn] SodC1	NA	NA
24ARS-MAR0067	NA	24ARS-MAR0067_01638	1	3627	+	iroC	salmochelin/enterobactin export ABC transporter IroC	plus	VIRULENCE	VIRULENCE	NA	NA	BLASTX	1209	1219	98.85	79.85	1211	AUH19662.1	salmochelin/enterobactin export ABC transporter IroC	NA	NA
24ARS-MAR0067	NA	24ARS-MAR0067_01639	1	1113	+	iroB	salmochelin biosynthesis C-glycosyltransferase IroB	plus	VIRULENCE	VIRULENCE	NA	NA	BLASTX	371	371	100.00	86.52	371	EOW04219.1	salmochelin biosynthesis C-glycosyltransferase IroB	NA	NA
24ARS-MAR0067	NA	24ARS-MAR0067_02659	1	1878	+	sinH	intimin-like inverse autotransporter SinH	plus	VIRULENCE	VIRULENCE	NA	NA	PARTIAL_CONTIG_ENDX	626	730	85.75	100.00	626	AAL21411.1	intimin-like inverse autotransporter SinH	NA	NA
24ARS-MAR0067	NA	24ARS-MAR0067_03064	1	462	+	golS	Au(I) sensor transcriptional regulator GolS	plus	STRESS	METAL	GOLD	GOLD	EXACTX	154	154	100.00	100.00	154	AAL19308.1	Au(I) sensor transcriptional regulator GolS	NA	NA
24ARS-MAR0067	NA	24ARS-MAR0067_03065	1	2286	+	golT	gold/copper-translocating P-type ATPase GolT	plus	STRESS	METAL	COPPER/GOLD	COPPER/GOLD	BLASTX	762	762	100.00	99.61	762	AAL19307.1	gold/copper-translocating P-type ATPase GolT	NA	NA
24ARS-MAR0067	NA	24ARS-MAR0067_03066	1	1224	+	mdsA	multidrug efflux RND transporter periplasmic adaptor subunit MdsA	plus	AMR	AMR	EFFLUX	EFFLUX	BLASTX	408	408	100.00	98.28	408	AAL19306.1	multidrug efflux RND transporter periplasmic adaptor subunit MdsA	NA	NA
24ARS-MAR0067	NA	24ARS-MAR0067_03068	1	2607	+	mdsB	multidrug efflux RND transporter permease subunit MdsB	plus	AMR	AMR	EFFLUX	EFFLUX	PARTIAL_CONTIG_ENDX	869	1055	82.37	99.77	869	AAL19305.1	multidrug efflux RND transporter permease subunit MdsB	NA	NA
24ARS-MAR0067	NA	24ARS-MAR0067_03961	1	888	+	fieF	CDF family cation-efflux transporter FieF	plus	STRESS	METAL	NA	NA	BLASTX	296	300	98.67	92.57	296	BAE77395.1	CDF family cation-efflux transporter FieF	NA	NA
24ARS-VSM0093	NA	24ARS-VSM0093_00148	1	1377	+	norM	sodium-coupled multidrug efflux MATE transporter NorM	plus	AMR	AMR	EFFLUX	EFFLUX	BLASTX	459	459	100.00	99.78	459	EFF39147.1	sodium-coupled multidrug efflux MATE transporter NorM	NA	NA
24ARS-VSM0093	NA	24ARS-VSM0093_00569	1	840	+	mtrC	multidrug efflux RND transporter periplasmic adaptor subunit MtrC	plus	AMR	AMR	EFFLUX	EFFLUX	PARTIAL_CONTIG_ENDX	280	412	67.96	100.00	280	AAA80193.1	multidrug efflux RND transporter periplasmic adaptor subunit MtrC	NA	NA
24ARS-VSM0093	NA	24ARS-VSM0093_00571	1	630	+	mtrR	multidrug efflux system transcriptional repressor MtrR	plus	AMR	AMR	EFFLUX	EFFLUX	BLASTX	210	210	100.00	99.52	210	CAA81047.1	multidrug efflux system transcriptional repressor MtrR	NA	NA
24ARS-VSM0093	NA	24ARS-VSM0093_00573	1	1566	+	mtrF	AbgT family antimetabolite efflux transporter MtrF	plus	STRESS	BIOCIDE	EFFLUX	EFFLUX	BLASTX	522	533	97.94	98.85	522	ACF30256.1	AbgT family antimetabolite efflux transporter MtrF	NA	NA
24ARS-VSM0093	NA	24ARS-VSM0093_00889	1	1521	+	farB	fatty acid resistance MFS efflux transporter permease subunit FarB	plus	AMR	AMR	EFFLUX	EFFLUX	BLASTX	507	507	100.00	99.41	507	AAD54074.1	fatty acid resistance MFS efflux transporter permease subunit FarB	NA	NA
24ARS-VSM0093	NA	24ARS-VSM0093_00956	1	1917	+	tet(M)	tetracycline resistance ribosomal protection protein Tet(M)	core	AMR	AMR	TETRACYCLINE	TETRACYCLINE	BLASTX	639	639	100.00	98.90	639	WP_063856403.1	tetracycline resistance ribosomal protection protein Tet(M)	NA	NA
24ARS-VSM0093	NA	24ARS-VSM0093_01949	1	903	+	mtrA	efflux transporter MtrCDE transcriptional activator MtrA	plus	AMR	AMR	EFFLUX	EFFLUX	EXACTX	301	301	100.00	100.00	301	AAD44693.1	efflux transporter MtrCDE transcriptional activator MtrA	NA	NA
24ARS-VSM0093	NA	24ARS-VSM0093_02061	1	858	+	blaTEM-1	broad-spectrum class A beta-lactamase TEM-1	core	AMR	AMR	BETA-LACTAM	BETA-LACTAM	ALLELEX	286	286	100.00	100.00	286	WP_000027057.1	broad-spectrum class A beta-lactamase TEM-1	NA	NA
24ARS-JLM0047	NA	24ARS-JLM0047_01211	1	1113	+	iroB	salmochelin biosynthesis C-glycosyltransferase IroB	plus	VIRULENCE	VIRULENCE	NA	NA	BLASTX	371	371	100.00	86.25	371	EOW04219.1	salmochelin biosynthesis C-glycosyltransferase IroB	NA	NA
24ARS-JLM0047	NA	24ARS-JLM0047_01212	1	3627	+	iroC	salmochelin/enterobactin export ABC transporter IroC	plus	VIRULENCE	VIRULENCE	NA	NA	BLASTX	1209	1219	98.85	80.08	1210	AUH19662.1	salmochelin/enterobactin export ABC transporter IroC	NA	NA
24ARS-JLM0047	NA	24ARS-JLM0047_02472	1	1878	+	sinH	intimin-like inverse autotransporter SinH	plus	VIRULENCE	VIRULENCE	NA	NA	PARTIAL_CONTIG_ENDX	626	730	85.75	97.76	626	AAL21411.1	intimin-like inverse autotransporter SinH	NA	NA
24ARS-JLM0047	NA	24ARS-JLM0047_03070	1	882	+	fieF	CDF family cation-efflux transporter FieF	plus	STRESS	METAL	NA	NA	BLASTX	294	300	98.67	92.23	296	BAE77395.1	CDF family cation-efflux transporter FieF	NA	NA
24ARS-JLM0047	NA	24ARS-JLM0047_04432	1	807	+	cdtB	cytolethal distending toxin S-CDT	plus	VIRULENCE	VIRULENCE	NA	NA	EXACTX	269	269	100.00	100.00	269	CAD02120.1	cytolethal distending toxin S-CDT	NA	NA
24ARS-DMC0037	NA	24ARS-DMC0037_00148	1	1377	+	norM	sodium-coupled multidrug efflux MATE transporter NorM	plus	AMR	AMR	EFFLUX	EFFLUX	BLASTX	459	459	100.00	99.78	459	EFF39147.1	sodium-coupled multidrug efflux MATE transporter NorM	NA	NA
24ARS-DMC0037	NA	24ARS-DMC0037_00600	1	1236	+	mtrC	multidrug efflux RND transporter periplasmic adaptor subunit MtrC	plus	AMR	AMR	EFFLUX	EFFLUX	BLASTX	412	412	100.00	99.76	412	AAA80193.1	multidrug efflux RND transporter periplasmic adaptor subunit MtrC	NA	NA
24ARS-DMC0037	NA	24ARS-DMC0037_00601	1	630	+	mtrR	multidrug efflux system transcriptional repressor MtrR	plus	AMR	AMR	EFFLUX	EFFLUX	BLASTX	210	210	100.00	99.52	210	CAA81047.1	multidrug efflux system transcriptional repressor MtrR	NA	NA
24ARS-DMC0037	NA	24ARS-DMC0037_00603	1	1566	+	mtrF	AbgT family antimetabolite efflux transporter MtrF	plus	STRESS	BIOCIDE	EFFLUX	EFFLUX	BLASTX	522	533	97.94	99.62	522	ACF30256.1	AbgT family antimetabolite efflux transporter MtrF	NA	NA
24ARS-DMC0037	NA	24ARS-DMC0037_00976	1	903	+	mtrA	efflux transporter MtrCDE transcriptional activator MtrA	plus	AMR	AMR	EFFLUX	EFFLUX	EXACTX	301	301	100.00	100.00	301	AAD44693.1	efflux transporter MtrCDE transcriptional activator MtrA	NA	NA
24ARS-DMC0037	NA	24ARS-DMC0037_01109	1	1917	+	tet(M)	tetracycline resistance ribosomal protection protein Tet(M)	core	AMR	AMR	TETRACYCLINE	TETRACYCLINE	BLASTX	639	639	100.00	99.22	639	WP_050232631.1	tetracycline resistance ribosomal protection protein Tet(M)	NA	NA
24ARS-DMC0037	NA	24ARS-DMC0037_01177	1	1521	+	farB	fatty acid resistance MFS efflux transporter permease subunit FarB	plus	AMR	AMR	EFFLUX	EFFLUX	BLASTX	507	507	100.00	99.41	507	AAD54074.1	fatty acid resistance MFS efflux transporter permease subunit FarB	NA	NA
24ARS-DMC0037	NA	24ARS-DMC0037_02006	1	858	+	blaTEM-1	broad-spectrum class A beta-lactamase TEM-1	core	AMR	AMR	BETA-LACTAM	BETA-LACTAM	ALLELEX	286	286	100.00	100.00	286	WP_000027057.1	broad-spectrum class A beta-lactamase TEM-1	NA	NA
24ARS-VSM0200	NA	24ARS-VSM0200_01223	1	1113	+	iroB	salmochelin biosynthesis C-glycosyltransferase IroB	plus	VIRULENCE	VIRULENCE	NA	NA	BLASTX	371	371	100.00	86.52	371	EOW04219.1	salmochelin biosynthesis C-glycosyltransferase IroB	NA	NA
24ARS-VSM0200	NA	24ARS-VSM0200_01224	1	3624	+	iroC	salmochelin/enterobactin export ABC transporter IroC	plus	VIRULENCE	VIRULENCE	NA	NA	BLASTX	1208	1219	98.85	80.00	1210	AUH19662.1	salmochelin/enterobactin export ABC transporter IroC	NA	NA
24ARS-VSM0200	NA	24ARS-VSM0200_02611	1	1392	+	pcoS	copper resistance membrane spanning protein PcoS	plus	STRESS	METAL	COPPER	COPPER	BLASTX	464	466	99.57	96.55	464	CAA58530.1	copper resistance membrane spanning protein PcoS	NA	NA
24ARS-VSM0200	NA	24ARS-VSM0200_02612	1	678	+	pcoR	copper response regulator transcription factor PcoR	plus	STRESS	METAL	COPPER	COPPER	BLASTX	226	226	100.00	99.56	226	CAA58529.1	copper response regulator transcription factor PcoR	NA	NA
24ARS-VSM0200	NA	24ARS-VSM0200_02613	1	927	+	pcoD	copper resistance inner membrane protein PcoD	plus	STRESS	METAL	COPPER	COPPER	BLASTX	309	309	100.00	98.71	309	CAA58528.1	copper resistance inner membrane protein PcoD	NA	NA
24ARS-VSM0200	NA	24ARS-VSM0200_02614	1	378	+	pcoC	copper resistance system metallochaperone PcoC	plus	STRESS	METAL	COPPER	COPPER	BLASTX	126	126	100.00	99.21	126	CAA58527.1	copper resistance system metallochaperone PcoC	NA	NA
24ARS-VSM0200	NA	24ARS-VSM0200_02616	1	1815	+	pcoA	multicopper oxidase PcoA	plus	STRESS	METAL	COPPER	COPPER	BLASTX	605	605	100.00	99.01	605	CAA58525.1	multicopper oxidase PcoA	NA	NA
24ARS-VSM0200	NA	24ARS-VSM0200_02620	1	2445	+	silP	Ag(+)-translocating P-type ATPase SilP	plus	STRESS	METAL	SILVER	SILVER	BLASTX	815	824	98.79	95.22	816	AAD11750.1	Ag(+)-translocating P-type ATPase SilP	NA	NA
24ARS-VSM0200	NA	24ARS-VSM0200_02622	1	3144	+	silA	Cu(+)/Ag(+) efflux RND transporter permease subunit SilA	plus	STRESS	METAL	COPPER/SILVER	COPPER/SILVER	BLASTX	1048	1048	100.00	97.14	1048	AAD11749.1	Cu(+)/Ag(+) efflux RND transporter permease subunit SilA	NA	NA
24ARS-VSM0200	NA	24ARS-VSM0200_02623	1	1290	+	silB	Cu(+)/Ag(+) efflux RND transporter periplasmic adaptor subunit SilB	plus	STRESS	METAL	COPPER/SILVER	COPPER/SILVER	BLASTX	430	430	100.00	96.74	430	AAD11748.1	Cu(+)/Ag(+) efflux RND transporter periplasmic adaptor subunit SilB	NA	NA
24ARS-VSM0200	NA	24ARS-VSM0200_02624	1	351	+	silF	Cu(+)/Ag(+) efflux RND transporter periplasmic metallochaperone SilF	plus	STRESS	METAL	COPPER/SILVER	COPPER/SILVER	BLASTX	117	117	100.00	97.44	117	KGL71342.1	Cu(+)/Ag(+) efflux RND transporter periplasmic metallochaperone SilF	NA	NA
24ARS-VSM0200	NA	24ARS-VSM0200_02625	1	1383	+	silC	Cu(+)/Ag(+) efflux RND transporter outer membrane channel SilC	plus	STRESS	METAL	COPPER/SILVER	COPPER/SILVER	BLASTX	461	461	100.00	98.05	461	SPD96884.1	Cu(+)/Ag(+) efflux RND transporter outer membrane channel SilC	NA	NA
24ARS-VSM0200	NA	24ARS-VSM0200_02626	1	678	+	silR	copper/silver response regulator transcription factor SilR	plus	STRESS	METAL	COPPER/SILVER	COPPER/SILVER	BLASTX	226	226	100.00	97.35	226	SPD96883.1	copper/silver response regulator transcription factor SilR	NA	NA
24ARS-VSM0200	NA	24ARS-VSM0200_02627	1	1470	+	silS	copper/silver sensor histidine kinase SilS	plus	STRESS	METAL	COPPER/SILVER	COPPER/SILVER	BLASTX	490	491	99.80	97.55	490	SPD96882.1	copper/silver sensor histidine kinase SilS	NA	NA
24ARS-VSM0200	NA	24ARS-VSM0200_02628	1	429	+	silE	silver-binding protein SilE	plus	STRESS	METAL	SILVER	SILVER	BLASTX	143	143	100.00	90.91	143	AAD11743.1	silver-binding protein SilE	NA	NA
24ARS-VSM0200	NA	24ARS-VSM0200_02662	1	423	+	arsC	glutaredoxin-dependent arsenate reductase	plus	STRESS	METAL	ARSENIC	ARSENATE	BLASTX	141	141	100.00	97.87	141	BAA24824.1	glutaredoxin-dependent arsenate reductase	NA	NA
24ARS-VSM0200	NA	24ARS-VSM0200_02663	1	1287	+	arsB	arsenite efflux transporter membrane subunit ArsB	plus	STRESS	METAL	ARSENIC	ARSENITE	BLASTX	429	429	100.00	98.37	429	BAA24823.1	arsenite efflux transporter membrane subunit ArsB	NA	NA
24ARS-VSM0200	NA	24ARS-VSM0200_02664	1	1749	+	arsA	arsenite efflux transporter ATPase subunit ArsA	plus	STRESS	METAL	ARSENIC	ARSENITE	BLASTX	583	583	100.00	95.88	583	BAA24822.1	arsenite efflux transporter ATPase subunit ArsA	NA	NA
24ARS-VSM0200	NA	24ARS-VSM0200_02665	1	360	+	arsD	arsenite efflux transporter metallochaperone ArsD	plus	STRESS	METAL	ARSENIC	ARSENITE	BLASTX	120	120	100.00	92.50	120	AAB09625.1	arsenite efflux transporter metallochaperone ArsD	NA	NA
24ARS-VSM0200	NA	24ARS-VSM0200_02666	1	351	+	arsR	As(III)-sensing metalloregulatory transcriptional repressor ArsR	plus	STRESS	METAL	ARSENIC	ARSENIC	BLASTX	117	117	100.00	94.87	117	AAB09624.1	As(III)-sensing metalloregulatory transcriptional repressor ArsR	NA	NA
24ARS-VSM0200	NA	24ARS-VSM0200_02875	1	462	+	golS	Au(I) sensor transcriptional regulator GolS	plus	STRESS	METAL	GOLD	GOLD	EXACTX	154	154	100.00	100.00	154	AAL19308.1	Au(I) sensor transcriptional regulator GolS	NA	NA
24ARS-VSM0200	NA	24ARS-VSM0200_02876	1	2286	+	golT	gold/copper-translocating P-type ATPase GolT	plus	STRESS	METAL	COPPER/GOLD	COPPER/GOLD	EXACTX	762	762	100.00	100.00	762	AAL19307.1	gold/copper-translocating P-type ATPase GolT	NA	NA
24ARS-VSM0200	NA	24ARS-VSM0200_02877	1	1224	+	mdsA	multidrug efflux RND transporter periplasmic adaptor subunit MdsA	plus	AMR	AMR	EFFLUX	EFFLUX	EXACTX	408	408	100.00	100.00	408	AAL19306.1	multidrug efflux RND transporter periplasmic adaptor subunit MdsA	NA	NA
24ARS-VSM0200	NA	24ARS-VSM0200_02878	1	3165	+	mdsB	multidrug efflux RND transporter permease subunit MdsB	plus	AMR	AMR	EFFLUX	EFFLUX	EXACTX	1055	1055	100.00	100.00	1055	AAL19305.1	multidrug efflux RND transporter permease subunit MdsB	NA	NA
24ARS-VSM0200	NA	24ARS-VSM0200_03467	1	2190	+	sinH	intimin-like inverse autotransporter SinH	plus	VIRULENCE	VIRULENCE	NA	NA	EXACTX	730	730	100.00	100.00	730	AAL21411.1	intimin-like inverse autotransporter SinH	NA	NA
24ARS-VSM0200	NA	24ARS-VSM0200_03672	1	888	+	fieF	CDF family cation-efflux transporter FieF	plus	STRESS	METAL	NA	NA	BLASTX	296	300	98.67	92.57	296	BAE77395.1	CDF family cation-efflux transporter FieF	NA	NA
24ARS-VSM0200	NA	24ARS-VSM0200_04602	1	1203	+	tet(B)	tetracycline efflux MFS transporter Tet(B)	core	AMR	AMR	TETRACYCLINE	TETRACYCLINE	EXACTX	401	401	100.00	100.00	401	WP_001089068.1	tetracycline efflux MFS transporter Tet(B)	NA	NA
24ARS-VSM0200	NA	24ARS-VSM0200_04606	1	432	+	merR	mercury resistance transcriptional regulator MerR	plus	STRESS	METAL	MERCURY	MERCURY	BLASTX	144	144	100.00	93.75	144	CAA77320.1	mercury resistance transcriptional regulator MerR	NA	NA
24ARS-VSM0200	NA	24ARS-VSM0200_04607	1	348	+	merT	mercuric transport protein MerT	plus	STRESS	METAL	MERCURY	MERCURY	EXACTX	116	116	100.00	100.00	116	AAB59075.1	mercuric transport protein MerT	NA	NA
24ARS-VSM0200	NA	24ARS-VSM0200_04608	1	273	+	merP	mercury resistance system periplasmic binding protein MerP	plus	STRESS	METAL	MERCURY	MERCURY	BLASTX	91	91	100.00	90.11	91	AAC38219.1	mercury resistance system periplasmic binding protein MerP	NA	NA
24ARS-VSM0200	NA	24ARS-VSM0200_04609	1	420	+	merC	organomercurial transporter MerC	plus	STRESS	METAL	MERCURY	ORGANOMERCURY	EXACTX	140	140	100.00	100.00	140	AAC33908.1	organomercurial transporter MerC	NA	NA
24ARS-VSM0200	NA	24ARS-VSM0200_04637	1	531	+	sodC1	superoxide dismutase [Cu-Zn] SodC1	plus	VIRULENCE	VIRULENCE	NA	NA	EXACTX	177	177	100.00	100.00	177	AAL19978.1	superoxide dismutase [Cu-Zn] SodC1	NA	NA
24ARS-VSM0200	NA	24ARS-VSM0200_04657	1	834	+	aph(6)-Id	aminoglycoside O-phosphotransferase APH(6)-Id	core	AMR	AMR	AMINOGLYCOSIDE	STREPTOMYCIN	EXACTX	278	278	100.00	100.00	278	WP_000480968.1	aminoglycoside O-phosphotransferase APH(6)-Id	NA	NA
24ARS-VSM0200	NA	24ARS-VSM0200_04658	1	801	+	aph(3'')-Ib	aminoglycoside O-phosphotransferase APH(3'')-Ib	core	AMR	AMR	AMINOGLYCOSIDE	STREPTOMYCIN	EXACTX	267	267	100.00	100.00	267	WP_001082319.1	aminoglycoside O-phosphotransferase APH(3'')-Ib	NA	NA
24ARS-VSM0200	NA	24ARS-VSM0200_04659	1	813	+	sul2	sulfonamide-resistant dihydropteroate synthase Sul2	core	AMR	AMR	SULFONAMIDE	SULFONAMIDE	EXACTX	271	271	100.00	100.00	271	WP_001043265.1	sulfonamide-resistant dihydropteroate synthase Sul2	NA	NA
24ARS-VSM0200	NA	24ARS-VSM0200_04691	1	858	+	blaTEM-1	broad-spectrum class A beta-lactamase TEM-1	core	AMR	AMR	BETA-LACTAM	BETA-LACTAM	ALLELEX	286	286	100.00	100.00	286	WP_000027057.1	broad-spectrum class A beta-lactamase TEM-1	NA	NA
24ARS-SLH0047	NA	24ARS-SLH0047_00517	1	3624	+	iroC	salmochelin/enterobactin export ABC transporter IroC	plus	VIRULENCE	VIRULENCE	NA	NA	BLASTX	1208	1219	98.85	80.00	1210	AUH19662.1	salmochelin/enterobactin export ABC transporter IroC	NA	NA
24ARS-SLH0047	NA	24ARS-SLH0047_00518	1	1113	+	iroB	salmochelin biosynthesis C-glycosyltransferase IroB	plus	VIRULENCE	VIRULENCE	NA	NA	BLASTX	371	371	100.00	86.52	371	EOW04219.1	salmochelin biosynthesis C-glycosyltransferase IroB	NA	NA
24ARS-SLH0047	NA	24ARS-SLH0047_02552	1	462	+	golS	Au(I) sensor transcriptional regulator GolS	plus	STRESS	METAL	GOLD	GOLD	EXACTX	154	154	100.00	100.00	154	AAL19308.1	Au(I) sensor transcriptional regulator GolS	NA	NA
24ARS-SLH0047	NA	24ARS-SLH0047_02553	1	2286	+	golT	gold/copper-translocating P-type ATPase GolT	plus	STRESS	METAL	COPPER/GOLD	COPPER/GOLD	EXACTX	762	762	100.00	100.00	762	AAL19307.1	gold/copper-translocating P-type ATPase GolT	NA	NA
24ARS-SLH0047	NA	24ARS-SLH0047_02554	1	1224	+	mdsA	multidrug efflux RND transporter periplasmic adaptor subunit MdsA	plus	AMR	AMR	EFFLUX	EFFLUX	EXACTX	408	408	100.00	100.00	408	AAL19306.1	multidrug efflux RND transporter periplasmic adaptor subunit MdsA	NA	NA
24ARS-SLH0047	NA	24ARS-SLH0047_02555	1	3165	+	mdsB	multidrug efflux RND transporter permease subunit MdsB	plus	AMR	AMR	EFFLUX	EFFLUX	EXACTX	1055	1055	100.00	100.00	1055	AAL19305.1	multidrug efflux RND transporter permease subunit MdsB	NA	NA
24ARS-SLH0047	NA	24ARS-SLH0047_03302	1	888	+	fieF	CDF family cation-efflux transporter FieF	plus	STRESS	METAL	NA	NA	BLASTX	296	300	98.67	92.23	296	BAE77395.1	CDF family cation-efflux transporter FieF	NA	NA
24ARS-SLH0047	NA	24ARS-SLH0047_03613	1	2190	+	sinH	intimin-like inverse autotransporter SinH	plus	VIRULENCE	VIRULENCE	NA	NA	EXACTX	730	730	100.00	100.00	730	AAL21411.1	intimin-like inverse autotransporter SinH	NA	NA
24ARS-SLH0047	NA	24ARS-SLH0047_03764	1	531	+	sodC1	superoxide dismutase [Cu-Zn] SodC1	plus	VIRULENCE	VIRULENCE	NA	NA	EXACTX	177	177	100.00	100.00	177	AAL19978.1	superoxide dismutase [Cu-Zn] SodC1	NA	NA
24ARS-VSM0059	NA	24ARS-VSM0059_00572	1	531	+	sodC1	superoxide dismutase [Cu-Zn] SodC1	plus	VIRULENCE	VIRULENCE	NA	NA	EXACTX	177	177	100.00	100.00	177	AAL19978.1	superoxide dismutase [Cu-Zn] SodC1	NA	NA
24ARS-VSM0059	NA	24ARS-VSM0059_01480	1	3627	+	iroC	salmochelin/enterobactin export ABC transporter IroC	plus	VIRULENCE	VIRULENCE	NA	NA	BLASTX	1209	1219	98.85	79.85	1211	AUH19662.1	salmochelin/enterobactin export ABC transporter IroC	NA	NA
24ARS-VSM0059	NA	24ARS-VSM0059_01481	1	1113	+	iroB	salmochelin biosynthesis C-glycosyltransferase IroB	plus	VIRULENCE	VIRULENCE	NA	NA	BLASTX	371	371	100.00	86.52	371	EOW04219.1	salmochelin biosynthesis C-glycosyltransferase IroB	NA	NA
24ARS-VSM0059	NA	24ARS-VSM0059_02436	1	462	+	golS	Au(I) sensor transcriptional regulator GolS	plus	STRESS	METAL	GOLD	GOLD	EXACTX	154	154	100.00	100.00	154	AAL19308.1	Au(I) sensor transcriptional regulator GolS	NA	NA
24ARS-VSM0059	NA	24ARS-VSM0059_02437	1	2286	+	golT	gold/copper-translocating P-type ATPase GolT	plus	STRESS	METAL	COPPER/GOLD	COPPER/GOLD	BLASTX	762	762	100.00	99.61	762	AAL19307.1	gold/copper-translocating P-type ATPase GolT	NA	NA
24ARS-VSM0059	NA	24ARS-VSM0059_02438	1	1224	+	mdsA	multidrug efflux RND transporter periplasmic adaptor subunit MdsA	plus	AMR	AMR	EFFLUX	EFFLUX	BLASTX	408	408	100.00	98.28	408	AAL19306.1	multidrug efflux RND transporter periplasmic adaptor subunit MdsA	NA	NA
24ARS-VSM0059	NA	24ARS-VSM0059_02439	1	3165	+	mdsB	multidrug efflux RND transporter permease subunit MdsB	plus	AMR	AMR	EFFLUX	EFFLUX	BLASTX	1055	1055	100.00	99.81	1055	AAL19305.1	multidrug efflux RND transporter permease subunit MdsB	NA	NA
24ARS-VSM0059	NA	24ARS-VSM0059_03698	1	888	+	fieF	CDF family cation-efflux transporter FieF	plus	STRESS	METAL	NA	NA	BLASTX	296	300	98.67	92.57	296	BAE77395.1	CDF family cation-efflux transporter FieF	NA	NA
24ARS-VSM0059	NA	24ARS-VSM0059_04076	1	1878	+	sinH	intimin-like inverse autotransporter SinH	plus	VIRULENCE	VIRULENCE	NA	NA	PARTIAL_CONTIG_ENDX	626	730	85.75	100.00	626	AAL21411.1	intimin-like inverse autotransporter SinH	NA	NA
24ARS-ZMC0014	NA	24ARS-ZMC0014_00969	1	1113	+	iroB	salmochelin biosynthesis C-glycosyltransferase IroB	plus	VIRULENCE	VIRULENCE	NA	NA	BLASTX	371	371	100.00	86.25	371	EOW04219.1	salmochelin biosynthesis C-glycosyltransferase IroB	NA	NA
24ARS-ZMC0014	NA	24ARS-ZMC0014_00970	1	3627	+	iroC	salmochelin/enterobactin export ABC transporter IroC	plus	VIRULENCE	VIRULENCE	NA	NA	BLASTX	1209	1219	98.85	80.08	1210	AUH19662.1	salmochelin/enterobactin export ABC transporter IroC	NA	NA
24ARS-ZMC0014	NA	24ARS-ZMC0014_02394	1	1878	+	sinH	intimin-like inverse autotransporter SinH	plus	VIRULENCE	VIRULENCE	NA	NA	PARTIAL_CONTIG_ENDX	626	730	85.75	97.76	626	AAL21411.1	intimin-like inverse autotransporter SinH	NA	NA
24ARS-ZMC0014	NA	24ARS-ZMC0014_02986	1	882	+	fieF	CDF family cation-efflux transporter FieF	plus	STRESS	METAL	NA	NA	BLASTX	294	300	98.67	92.23	296	BAE77395.1	CDF family cation-efflux transporter FieF	NA	NA
24ARS-ZMC0014	NA	24ARS-ZMC0014_04405	1	807	+	cdtB	cytolethal distending toxin S-CDT	plus	VIRULENCE	VIRULENCE	NA	NA	EXACTX	269	269	100.00	100.00	269	CAD02120.1	cytolethal distending toxin S-CDT	NA	NA
24ARS-STU0025	NA	24ARS-STU0025_01850	1	1113	+	iroB	salmochelin biosynthesis C-glycosyltransferase IroB	plus	VIRULENCE	VIRULENCE	NA	NA	BLASTX	371	371	100.00	86.25	371	EOW04219.1	salmochelin biosynthesis C-glycosyltransferase IroB	NA	NA
24ARS-STU0025	NA	24ARS-STU0025_01851	1	3624	+	iroC	salmochelin/enterobactin export ABC transporter IroC	plus	VIRULENCE	VIRULENCE	NA	NA	BLASTX	1208	1219	98.85	80.00	1210	AUH19662.1	salmochelin/enterobactin export ABC transporter IroC	NA	NA
24ARS-STU0025	NA	24ARS-STU0025_03171	1	462	+	golS	Au(I) sensor transcriptional regulator GolS	plus	STRESS	METAL	GOLD	GOLD	EXACTX	154	154	100.00	100.00	154	AAL19308.1	Au(I) sensor transcriptional regulator GolS	NA	NA
24ARS-STU0025	NA	24ARS-STU0025_03172	1	2286	+	golT	gold/copper-translocating P-type ATPase GolT	plus	STRESS	METAL	COPPER/GOLD	COPPER/GOLD	BLASTX	762	762	100.00	99.61	762	AAL19307.1	gold/copper-translocating P-type ATPase GolT	NA	NA
24ARS-STU0025	NA	24ARS-STU0025_03173	1	1224	+	mdsA	multidrug efflux RND transporter periplasmic adaptor subunit MdsA	plus	AMR	AMR	EFFLUX	EFFLUX	BLASTX	408	408	100.00	98.28	408	AAL19306.1	multidrug efflux RND transporter periplasmic adaptor subunit MdsA	NA	NA
24ARS-STU0025	NA	24ARS-STU0025_03174	1	3165	+	mdsB	multidrug efflux RND transporter permease subunit MdsB	plus	AMR	AMR	EFFLUX	EFFLUX	BLASTX	1055	1055	100.00	99.62	1055	AAL19305.1	multidrug efflux RND transporter permease subunit MdsB	NA	NA
24ARS-STU0025	NA	24ARS-STU0025_03928	1	2190	+	sinH	intimin-like inverse autotransporter SinH	plus	VIRULENCE	VIRULENCE	NA	NA	BLASTX	730	730	100.00	99.32	730	AAL21411.1	intimin-like inverse autotransporter SinH	NA	NA
24ARS-STU0025	NA	24ARS-STU0025_04206	1	888	+	fieF	CDF family cation-efflux transporter FieF	plus	STRESS	METAL	NA	NA	BLASTX	296	300	98.67	92.57	296	BAE77395.1	CDF family cation-efflux transporter FieF	NA	NA
24ARS-STU0025	NA	24ARS-STU0025_04399	1	1212	+	floR	chloramphenicol/florfenicol efflux MFS transporter FloR	core	AMR	AMR	PHENICOL	CHLORAMPHENICOL/FLORFENICOL	BLASTX	404	404	100.00	99.75	404	WP_000214122.1	chloramphenicol/florfenicol efflux MFS transporter FloR	NA	NA
24ARS-STU0025	NA	24ARS-STU0025_04402	1	1197	+	tet(A)	tetracycline efflux MFS transporter Tet(A)	core	AMR	AMR	TETRACYCLINE	TETRACYCLINE	EXACTX	399	399	100.00	100.00	399	WP_000804063.1	tetracycline efflux MFS transporter Tet(A)	NA	NA
24ARS-STU0025	NA	24ARS-STU0025_04405	1	834	+	aph(6)-Id	aminoglycoside O-phosphotransferase APH(6)-Id	core	AMR	AMR	AMINOGLYCOSIDE	STREPTOMYCIN	EXACTX	278	278	100.00	100.00	278	WP_000480968.1	aminoglycoside O-phosphotransferase APH(6)-Id	NA	NA
24ARS-STU0025	NA	24ARS-STU0025_04406	1	801	+	aph(3'')-Ib	aminoglycoside O-phosphotransferase APH(3'')-Ib	core	AMR	AMR	AMINOGLYCOSIDE	STREPTOMYCIN	EXACTX	267	267	100.00	100.00	267	WP_001082319.1	aminoglycoside O-phosphotransferase APH(3'')-Ib	NA	NA
24ARS-STU0025	NA	24ARS-STU0025_04407	1	813	+	sul2	sulfonamide-resistant dihydropteroate synthase Sul2	core	AMR	AMR	SULFONAMIDE	SULFONAMIDE	EXACTX	271	271	100.00	100.00	271	WP_001043260.1	sulfonamide-resistant dihydropteroate synthase Sul2	NA	NA
24ARS-STU0025	NA	24ARS-STU0025_04450	1	558	+	dfrA23	trimethoprim-resistant dihydrofolate reductase DfrA23	core	AMR	AMR	TRIMETHOPRIM	TRIMETHOPRIM	EXACTX	186	186	100.00	100.00	186	WP_001143450.1	trimethoprim-resistant dihydrofolate reductase DfrA23	NA	NA
24ARS-STU0025	NA	24ARS-STU0025_04453	1	837	+	sul1	sulfonamide-resistant dihydropteroate synthase Sul1	core	AMR	AMR	SULFONAMIDE	SULFONAMIDE	EXACTX	279	279	100.00	100.00	279	WP_000259031.1	sulfonamide-resistant dihydropteroate synthase Sul1	NA	NA
24ARS-STU0025	NA	24ARS-STU0025_04454	1	177	-	qacE	quaternary ammonium compound efflux SMR transporter QacE	core	STRESS	BIOCIDE	QUATERNARY AMMONIUM	QUATERNARY AMMONIUM	PARTIAL_CONTIG_ENDX	59	115	51.30	93.22	59	WP_000679427.1	quaternary ammonium compound efflux SMR transporter QacE delta 1	NA	NA
24ARS-STU0025	NA	24ARS-STU0025_04456	1	1137	+	blaDHA-1	extended-spectrum class C beta-lactamase DHA-1	core	AMR	AMR	BETA-LACTAM	CEPHALOSPORIN	ALLELEX	379	379	100.00	100.00	379	WP_004236386.1	extended-spectrum class C beta-lactamase DHA-1	NA	NA
24ARS-STU0025	NA	24ARS-STU0025_04463	4	645	+	qnrB4	quinolone resistance pentapeptide repeat protein QnrB4	core	AMR	AMR	QUINOLONE	QUINOLONE	ALLELEX	214	214	100.00	100.00	214	WP_017900990.1	quinolone resistance pentapeptide repeat protein QnrB4	NA	NA
24ARS-STU0025	NA	24ARS-STU0025_04498	217	1005	+	aadA2	ANT(3'')-Ia family aminoglycoside nucleotidyltransferase AadA2	core	AMR	AMR	AMINOGLYCOSIDE	STREPTOMYCIN	EXACTX	263	263	100.00	100.00	263	WP_001206356.1	ANT(3'')-Ia family aminoglycoside nucleotidyltransferase AadA2	NA	NA
24ARS-STU0025	NA	24ARS-STU0025_04499	1	819	+	lnu(F)	lincosamide nucleotidyltransferase Lnu(F)	core	AMR	AMR	LINCOSAMIDE	LINCOSAMIDE	EXACTX	273	273	100.00	100.00	273	WP_000939727.1	lincosamide nucleotidyltransferase Lnu(F)	NA	NA
24ARS-ZMC0013	NA	24ARS-ZMC0013_01152	1	1113	+	iroB	salmochelin biosynthesis C-glycosyltransferase IroB	plus	VIRULENCE	VIRULENCE	NA	NA	BLASTX	371	371	100.00	86.25	371	EOW04219.1	salmochelin biosynthesis C-glycosyltransferase IroB	NA	NA
24ARS-ZMC0013	NA	24ARS-ZMC0013_01153	1	3627	+	iroC	salmochelin/enterobactin export ABC transporter IroC	plus	VIRULENCE	VIRULENCE	NA	NA	BLASTX	1209	1219	98.85	80.08	1210	AUH19662.1	salmochelin/enterobactin export ABC transporter IroC	NA	NA
24ARS-ZMC0013	NA	24ARS-ZMC0013_02475	1	1878	+	sinH	intimin-like inverse autotransporter SinH	plus	VIRULENCE	VIRULENCE	NA	NA	PARTIAL_CONTIG_ENDX	626	730	85.75	97.76	626	AAL21411.1	intimin-like inverse autotransporter SinH	NA	NA
24ARS-ZMC0013	NA	24ARS-ZMC0013_03234	1	882	+	fieF	CDF family cation-efflux transporter FieF	plus	STRESS	METAL	NA	NA	BLASTX	294	300	98.67	92.23	296	BAE77395.1	CDF family cation-efflux transporter FieF	NA	NA
24ARS-ZMC0013	NA	24ARS-ZMC0013_04434	1	807	+	cdtB	cytolethal distending toxin S-CDT	plus	VIRULENCE	VIRULENCE	NA	NA	EXACTX	269	269	100.00	100.00	269	CAD02120.1	cytolethal distending toxin S-CDT	NA	NA
